Timestamp,Username
2025-05-30 17:27:06,admin
2025-05-30 17:29:19,admin
2025-05-30 17:30:06,adonis
2025-05-30 17:30:36,admin
2025-05-30 17:30:54,admin
2025-05-30 17:31:20,admin
2025-05-30 17:32:38,admin
2025-05-30 17:32:52,adonis
2025-05-30 17:33:01,adonis
2025-05-30 17:33:17,admin
2025-05-30 17:33:32,admin
2025-05-30 17:33:53,admin
2025-05-30 17:34:22,admin
2025-05-30 17:35:29,admin
2025-05-30 17:35:57,adonis
2025-05-30 17:38:13,admin
2025-05-30 17:38:23,adonis
2025-05-30 17:40:02,admin
2025-05-30 17:40:15,adonis
2025-05-30 17:44:42,admin
2025-05-30 17:45:18,user
2025-05-30 18:02:44,admin
2025-05-30 18:33:08,admin
2025-05-30 18:47:15,admin
2025-05-31 14:25:50,admin
2025-05-31 14:26:19,admin
2025-05-31 14:27:15,admin
2025-06-02 23:37:37,admin
2025-06-18 11:27:43,admin
2025-06-18 11:28:16,admin
